,0
0,1
1,160
2,1028
3,309
4,11
5,594
6,1316
7,1392
8,1583
9,888
10,637
11,1520
12,18
13,35
14,1901
15,44
16,10
17,783
18,821
19,112
20,964
21,89
22,20
23,256
24,223
25,1881
26,351
27,196
28,416
29,1877
30,87
31,2367
32,3254
33,1573
34,247
35,1353
36,493
37,1358
38,1177
39,1538
40,2296
41,222
42,2282
43,2113
44,2260
45,71
46,142
47,2249
48,1519
49,2227
50,1496
51,519
52,1493
53,1315
54,1750
55,156
56,9
57,1724
58,22
59,15
60,255
61,1267
62,1261
63,57
64,710
65,472
66,152
67,1952
68,1606
69,379
70,4
71,563
72,113
73,744
74,625
75,3422
76,3421
77,3418
78,3402
79,250
80,249
81,2427
82,3414
83,1590
84,3355
85,2305
86,1900
87,3385
88,1147
89,377
90,1072
91,96
92,118
93,3375
94,3367
95,1024
96,709
97,3349
98,1580
99,545
100,146
101,1198
102,1589
103,3341
104,3339
105,2402
106,2401
107,1382
108,3335
109,3317
110,3329
111,3332
112,3330
113,1867
114,1197
115,3319
116,1885
117,1862
118,1886
119,649
120,154
121,3316
122,617
123,3313
124,3300
125,1522
126,2391
127,896
128,3298
129,462
130,3295
131,432
132,3292
133,3290
134,2383
135,1195
136,3283
137,1875
138,3279
139,2378
140,1579
141,291
142,454
143,2375
144,292
145,158
146,3256
147,1846
148,3259
149,1066
150,1061
151,3253
152,1860
153,3247
154,2368
155,151
156,3245
157,1574
158,290
159,1570
160,3233
161,891
162,1856
163,115
164,3215
165,483
166,1365
167,3211
168,3210
169,3189
170,3193
171,1847
172,3202
173,2351
174,1063
175,2352
176,1051
177,3173
178,1843
179,3163
180,1186
181,7341
182,2342
183,3139
184,3167
185,459
186,2338
187,1842
188,2334
189,3156
190,817
191,1840
192,3141
193,1521
194,3149
195,2324
196,1839
197,3143
198,3148
199,3142
200,1060
201,7431
202,1355
203,3134
204,174
205,2315
206,1356
207,3124
208,1835
209,296
210,1180
211,3118
212,1542
213,3113
214,3111
215,3013
216,529
217,1826
218,3103
219,1822
220,3101
221,753
222,3083
223,3088
224,395
225,3084
226,333
227,1339
228,3068
229,3042
230,3078
231,596
232,1796
233,2281
234,3070
235,1442
236,3064
237,194
238,3062
239,701
240,3059
241,124
242,7427
243,3057
244,396
245,2276
246,2273
247,3048
248,523
249,2271
250,95
251,1525
252,2235
253,2261
254,1342
255,331
256,3027
257,3023
258,3026
259,373
260,68
261,1331
262,116
263,2147
264,3020
265,2252
266,179
267,3004
268,491
269,214
270,439
271,3010
272,2090
273,3006
274,810
275,1167
276,697
277,67
278,258
279,1793
280,3000
281,2999
282,1340
283,2996
284,2989
285,1043
286,554
287,1336
288,1337
289,2238
290,178
291,747
292,2966
293,2962
294,474
295,330
296,260
297,2952
298,455
299,2941
300,2947
301,2945
302,2942
303,623
304,1509
305,2926
306,29
307,2217
308,123
309,1510
310,1505
311,2927
312,804
313,2920
314,301
315,2782
316,2907
317,2909
318,958
319,1148
320,1502
321,2904
322,955
323,874
324,2898
325,1500
326,2198
327,1320
328,1760
329,1494
330,2178
331,2892
332,636
333,1034
334,276
335,2876
336,1318
337,259
338,2881
339,117
340,1492
341,2185
342,1313
343,1491
344,2870
345,1309
346,2181
347,2858
348,2177
349,1749
350,2848
351,1458
352,951
353,1029
354,2176
355,347
356,2846
357,2845
358,370
359,2173
360,2844
361,1302
362,2167
363,2837
364,517
365,2826
366,2166
367,2163
368,1742
369,2830
370,1295
371,2823
372,2632
373,2820
374,2814
375,796
376,1736
377,1025
378,1482
379,1483
380,2152
381,2810
382,2149
383,2808
384,2144
385,2806
386,1128
387,38
388,2801
389,736
390,2136
391,2795
392,2793
393,1288
394,1436
395,2498
396,7603
397,2786
398,2784
399,587
400,2783
401,2780
402,944
403,305
404,2779
405,2775
406,346
407,683
408,2772
409,2129
410,75
411,2771
412,175
413,1136
414,1283
415,2127
416,2767
417,2764
418,2763
419,2093
420,1284
421,72
422,264
423,2754
424,2756
425,1285
426,613
427,304
428,1282
429,4721
430,2752
431,2750
432,2746
433,586
434,2747
435,2119
436,1715
437,1475
438,734
439,2744
440,2108
441,1923
442,2743
443,1465
444,1720
445,2742
446,2117
447,90
448,2707
449,1457
450,2731
451,2725
452,2109
453,2713
454,155
455,543
456,2102
457,231
458,1708
459,2700
460,2687
461,1413
462,1129
463,2695
464,76
465,1445
466,2065
467,2619
468,2605
469,1251
470,2586
471,1117
472,300
473,1248
474,725
475,578
476,2559
477,507
478,1942
479,1232
480,42
481,534
482,994
483,503
484,2448
485,846
486,2
487,7348
488,7425
489,7557
490,7589
491,37
492,168
493,767
494,23
495,40
496,91
497,54
498,108
499,469
500,271
501,471
502,185
503,188
504,31
505,312
506,74
507,119
508,8
509,381
510,257
511,47
512,17
513,150
514,7400
515,263
516,109
517,489
518,145
519,107
520,473
521,99
522,165
523,24
524,7
525,189
526,787
527,66
528,562
529,270
530,871
531,137
532,353
533,21
534,658
535,45
536,121
537,164
538,1380
539,2404
540,1691
541,14
542,13
543,139
544,206
545,19
546,318
547,561
548,51
549,241
550,77
551,133
552,70
553,211
554,681
555,272
556,862
557,140
558,217
559,182
560,251
561,1098
562,106
563,1409
564,446
565,769
566,1209
567,917
568,1632
569,2006
570,2698
571,1127
572,647
573,126
574,43
575,242
576,5
577,111
578,1156
579,16
580,412
581,5342
582,85
583,3
584,219
585,93
586,350
587,268
588,1785
589,306
590,25
591,161
592,52
593,97
594,83
595,2839
596,1487
597,1709
598,672
599,39
600,424
601,1693
602,449
603,1998
604,1929
605,1977
606,236
607,777
608,63
609,1957
610,1635
611,915
612,65
613,508
614,2499
615,2497
616,299
617,1421
618,1225
619,2488
620,1936
621,382
622,355
623,238
624,1090
625,1222
626,564
627,2459
628,774
629,420
630,237
631,209
632,1922
633,532
634,504
635,7401
636,987
637,2446
638,200
639,986
640,148
641,1603
642,436
643,512
644,402
645,7508
646,7552
647,7500
648,7482
649,7583
650,798
651,7577
652,92
653,6
654,207
655,287
656,103
657,34
658,56
659,120
660,32
661,1338
662,170
663,105
664,818
665,208
666,974
667,973
668,1362
669,1547
670,509
671,197
672,1545
673,1056
674,492
675,2280
676,879
677,36
678,460
679,30
680,557
681,1849
682,136
683,1558
684,890
685,262
686,190
687,1555
688,7595
689,1361
690,971
691,1359
692,1824
693,621
694,1036
695,754
696,1054
697,702
698,1818
699,88
700,163
701,590
702,1576
703,7380
704,7525
705,2353
706,638
707,1174
708,525
709,289
710,1363
711,2346
712,7512
713,81
714,7509
715,646
716,162
717,244
718,1360
719,7377
720,2321
721,1548
722,1834
723,969
724,886
725,1832
726,641
727,2306
728,1790
729,1523
730,937
731,632
732,2300
733,1175
734,752
735,2295
736,394
737,2291
738,1536
739,358
740,748
741,1816
742,7336
743,1347
744,3328
745,720
746,650
747,1379
748,3275
749,345
750,295
751,3260
752,1375
753,2903
754,7390
755,12
756,1853
757,1184
758,3221
759,1560
760,203
761,3198
762,976
763,3203
764,3200
765,1367
766,433
767,2053
768,3181
769,288
770,2263
771,757
772,49
773,2336
774,3132
775,1059
776,2332
777,3154
778,691
779,2328
780,1550
781,286
782,2331
783,205
784,1459
785,27
786,1837
787,135
788,173
789,125
790,815
791,7432
792,1815
793,3127
794,1836
795,266
796,703
797,1456
798,7406
799,3105
800,2311
801,320
802,2308
803,755
804,5679
805,885
806,100
807,53
808,2298
809,3087
810,228
811,1274
812,227
813,1348
814,2285
815,883
816,199
817,2290
818,656
819,62
820,877
821,1524
822,749
823,3049
824,876
825,172
826,7604
827,302
828,423
829,311
830,131
831,501
832,626
833,479
834,1239
835,1109
836,510
837,437
838,1230
839,1270
840,159
841,177
842,215
843,1678
844,1009
845,572
846,202
847,1108
848,1107
849,1398
850,567
851,274
852,654
853,661
854,466
855,910
856,1091
857,1602
858,365
859,841
860,84
861,583
862,1702
863,2201
864,361
865,386
866,7327
867,1264
868,356
869,2024
870,727
871,1010
872,781
873,2017
874,2002
875,3774
876,664
877,1003
878,367
879,181
880,1634
881,326
882,538
883,1233
884,1615
885,536
886,1621
887,1415
888,323
889,1611
890,1088
891,609
892,1085
893,366
894,771
895,711
896,380
897,153
898,419
899,468
900,193
901,768
902,2103
903,3356
904,2405
905,411
906,807
907,2997
908,1038
909,521
910,1322
911,265
912,2868
913,1737
914,1139
915,2740
916,733
917,26
918,2709
919,859
920,2001
921,1636
922,1642
923,918
924,2511
925,341
926,570
927,716
928,313
929,718
930,2492
931,1218
932,1086
933,2485
934,535
935,2467
936,2468
937,2465
938,401
939,224
940,772
941,2454
942,848
943,773
944,842
945,2442
946,7550
947,840
948,2439
949,1908
950,531
951,1087
952,1909
953,7569
954,7582
955,7596
956,46
957,248
958,435
959,191
960,335
961,59
962,58
963,982
964,61
965,826
966,122
967,1872
968,391
969,1068
970,893
971,434
972,1372
973,1192
974,1373
975,1535
976,198
977,82
978,3336
979,602
980,3307
981,2395
982,599
983,3206
984,245
985,1819
986,3309
987,310
988,695
989,280
990,33
991,3009
992,2386
993,597
994,2360
995,2354
996,1194
997,2333
998,825
999,1065
1000,1378
1001,1868
1002,684
1003,336
1004,216
1005,1854
1006,1376
1007,801
1008,692
1009,7444
1010,1859
1011,3236
1012,988
1013,2363
1014,3231
1015,979
1016,706
1017,2335
1018,7568
1019,1551
1020,1176
1021,2397
1022,7559
1023,2408
1024,7578
1025,7591
1026,7503
1027,7480
1028,7479
1029,7510
1030,7532
1031,7522
1032,7523
1033,338
1034,7544
1035,7447
1036,7521
1037,7477
1038,384
1039,7575
1040,3516
1041,7423
1042,7485
1043,759
1044,946
1045,7585
1046,7563
1047,3133
1048,7433
1049,7516
1050,7457
1051,314
1052,7514
1053,138
1054,1069
1055,809
1056,1057
1057,1395
1058,1371
1059,41
1060,1546
1061,524
1062,1350
1063,1571
1064,1185
1065,1566
1066,549
1067,1064
1068,431
1069,2326
1070,278
1071,728
1072,1541
1073,1461
1074,7415
1075,458
1076,3365
1077,1157
1078,1374
1079,1865
1080,3305
1081,2384
1082,7420
1083,2371
1084,526
1085,3229
1086,3222
1087,3192
1088,3176
1089,3155
1090,1254
1091,3158
1092,1179
1093,1178
1094,1055
1095,522
1096,1152
1097,1830
1098,3112
1099,3096
1100,3066
1101,3092
1102,7551
1103,1346
1104,149
1105,2292
1106,1776
1107,642
1108,7528
1109,1450
1110,408
1111,7554
1112,7587
1113,429
1114,956
1115,1151
1116,640
1117,1153
1118,1499
1119,878
1120,1782
1121,7565
1122,98
1123,1768
1124,1310
1125,417
1126,645
1127,371
1128,7562
1129,2307
1130,1171
1131,882
1132,750
1133,696
1134,506
1135,1308
1136,2211
1137,484
1138,1287
1139,1495
1140,2192
1141,497
1142,2361
1143,3378
1144,3351
1145,2381
1146,980
1147,6369
1148,253
1149,3177
1150,3145
1151,1649
1152,3002
1153,2302
1154,2301
1155,110
1156,3052
1157,221
1158,699
1159,3019
1160,1046
1161,3011
1162,1162
1163,204
1164,1516
1165,743
1166,2987
1167,1033
1168,2981
1169,1784
1170,362
1171,407
1172,319
1173,1757
1174,1317
1175,1325
1176,348
1177,2210
1178,2923
1179,2209
1180,2922
1181,452
1182,2869
1183,2889
1184,687
1185,2142
1186,2866
1187,1731
1188,7540
1189,7501
1190,7588
1191,7442
1192,7567
1193,7504
1194,7398
1195,7507
1196,7558
1197,7602
1198,7574
1199,7594
1200,7586
1201,7590
1202,7484
1203,7513
1204,7506
1205,7417
1206,7505
1207,7483
1208,7535
1209,7600
1210,7566
1211,600
1212,500
1213,1896
1214,1578
1215,1518
1216,869
1217,3400
1218,2344
1219,528
1220,128
1221,2389
1222,983
1223,981
1224,694
1225,1556
1226,3159
1227,2330
1228,3131
1229,3116
1230,1343
1231,3028
1232,451
1233,3018
1234,962
1235,2253
1236,1788
1237,2921
1238,1041
1239,1159
1240,1298
1241,166
1242,487
1243,961
1244,2955
1245,2172
1246,201
1247,284
1248,157
1249,372
1250,707
1251,225
1252,3369
1253,393
1254,591
1255,547
1256,739
1257,592
1258,457
1259,1794
1260,812
1261,317
1262,147
1263,360
1264,585
1265,427
1266,7352
1267,7362
1268,7361
1269,7359
1270,7360
1271,7358
1272,7496
1273,7382
1274,7357
1275,7354
1276,7356
1277,7355
1278,7353
1279,7489
1280,7487
1281,7495
1282,7494
1283,7493
1284,7492
1285,7491
1286,7490
1287,7486
1288,7488
1289,7351
1290,7350
1291,1883
1292,2821
1293,3129
1294,4017
1295,593
1296,130
1297,78
1298,2031
1299,7328
1300,758
1301,229
1302,780
1303,1104
1304,5446
1305,4934
1306,665
1307,7345
1308,1584
1309,6792
1310,527
1311,7347
1312,7381
1313,7408
1314,7475
1315,7474
1316,7543
1317,7542
1318,7470
1319,7459
1320,7472
1321,7471
1322,7435
1323,7412
1324,7597
1325,977
1326,176
1327,267
1328,60
1329,518
1330,234
1331,854
1332,1725
1333,546
1334,443
1335,943
1336,513
1337,1478
1338,1470
1339,1721
1340,1048
1341,329
1342,2992
1343,1163
1344,548
1345,589
1346,316
1347,2139
1348,2819
1349,2141
1350,1484
1351,2479
1352,7388
1353,2727
1354,1734
1355,1286
1356,2145
1357,1023
1358,2781
1359,2777
1360,315
1361,2128
1362,2124
1363,2770
1364,467
1365,1726
1366,622
1367,1714
1368,2760
1369,2122
1370,7518
1371,1292
1372,409
1373,1472
1374,7387
1375,7601
1376,7334
1377,7537
1378,7534
1379,7564
1380,970
1381,334
1382,1044
1383,277
1384,187
1385,935
1386,1797
1387,2250
1388,1040
1389,686
1390,1772
1391,1150
1392,2190
1393,102
1394,1424
1395,1018
1396,482
1397,413
1398,1673
1399,1562
1400,975
1401,3135
1402,73
1403,3122
1404,967
1405,1111
1406,1031
1407,3014
1408,2986
1409,614
1410,456
1411,1137
1412,1327
1413,2957
1414,741
1415,941
1416,2215
1417,1324
1418,2204
1419,1762
1420,639
1421,1146
1422,2787
1423,2188
1424,69
1425,2179
1426,1307
1427,2778
1428,914
1429,48
1430,1078
1431,383
1432,2582
1433,1981
1434,2558
1435,226
1436,1992
1437,1430
1438,478
1439,1988
1440,1967
1441,2519
1442,719
1443,7438
1444,569
1445,327
1446,7399
1447,171
1448,398
1449,762
1450,3345
1451,1887
1452,7446
1453,1871
1454,3269
1455,7434
1456,3224
1457,2356
1458,966
1459,2257
1460,488
1461,1512
1462,1775
1463,552
1464,1508
1465,2918
1466,2915
1467,550
1468,949
1469,1755
1470,1145
1471,1754
1472,1311
1473,2865
1474,2180
1475,1748
1476,1030
1477,799
1478,2168
1479,2791
1480,942
1481,735
1482,870
1483,1716
1484,1697
1485,732
1486,1116
1487,79
1488,6878
1489,7445
1490,7538
1491,680
1492,183
1493,7593
1494,7499
1495,7573
1496,7592
1497,4910
1498,651
1499,751
1500,1577
1501,627
1502,904
1503,375
1504,1586
1505,898
1506,104
1507,1210
1508,3354
1509,321
1510,3366
1511,530
1512,376
1513,2396
1514,1873
1515,397
1516,3297
1517,1553
1518,3293
1519,822
1520,3281
1521,1861
1522,3234
1523,1187
1524,3232
1525,127
1526,659
1527,1394
1528,884
1529,1052
1530,1050
1531,1168
1532,965
1533,1534
1534,1529
1535,1817
1536,1533
1537,1810
1538,1532
1539,1172
1540,2288
1541,2277
1542,2283
1543,2284
1544,1049
1545,2275
1546,2243
1547,428
1548,881
1549,7580
1550,1759
1551,3370
1552,2355
1553,3241
1554,3180
1555,1332
1556,1182
1557,1831
1558,3144
1559,2320
1560,1828
1561,3119
1562,1808
1563,1351
1564,3089
1565,1537
1566,5389
1567,3075
1568,1813
1569,3045
1570,1807
1571,2278
1572,3076
1573,3073
1574,2270
1575,952
1576,3072
1577,2279
1578,1812
1579,3060
1580,3061
1581,3047
1582,3056
1583,3054
1584,3051
1585,3050
1586,1335
1587,3046
1588,2268
1589,1531
1590,2267
1591,2266
1592,3041
1593,3039
1594,1528
1595,3037
1596,3036
1597,3038
1598,1767
1599,7403
1600,1497
1601,7397
1602,430
1603,7549
1604,7478
1605,7429
1606,392
1607,50
1608,1730
1609,1481
1610,1290
1611,1289
1612,588
1613,1333
1614,1158
1615,1027
1616,2825
1617,2818
1618,2157
1619,2148
1620,542
1621,1293
1622,4057
1623,2813
1624,2812
1625,1256
1626,2146
1627,2804
1628,945
1629,2138
1630,939
1631,2796
1632,2134
1633,2135
1634,352
1635,94
1636,233
1637,86
1638,64
1639,953
1640,114
1641,192
1642,605
1643,337
1644,498
1645,1894
1646,1386
1647,2436
1648,897
1649,1202
1650,766
1651,1074
1652,1596
1653,281
1654,558
1655,230
1656,3451
1657,2437
1658,3443
1659,3448
1660,1396
1661,3447
1662,2287
1663,7325
1664,2434
1665,2433
1666,3442
1667,3382
1668,3439
1669,2432
1670,1075
1671,1390
1672,1599
1673,1906
1674,3438
1675,2422
1676,604
1677,906
1678,2431
1679,902
1680,1905
1681,3437
1682,653
1683,3434
1684,7310
1685,3433
1686,269
1687,2289
1688,1134
1689,698
1690,438
1691,3410
1692,3430
1693,3431
1694,1208
1695,1904
1696,3427
1697,2428
1698,1903
1699,6921
1700,3091
1701,3286
1702,7369
1703,764
1704,905
1705,2312
1706,1393
1707,2426
1708,3407
1709,2293
1710,1205
1711,7161
1712,984
1713,186
1714,832
1715,2417
1716,2633
1717,1895
1718,900
1719,1070
1720,1387
1721,1385
1722,2828
1723,279
1724,824
1725,1891
1726,3120
1727,354
1728,1471
1729,853
1730,682
1731,7335
1732,7330
1733,7321
1734,3372
1735,7312
1736,3428
1737,400
1738,7368
1739,7366
1740,7560
1741,7393
1742,55
1743,80
1744,1249
1745,374
1746,369
1747,7379
1748,1921
1749,134
1750,101
1751,779
1752,442
1753,993
1754,655
1755,1407
1756,1664
1757,565
1758,470
1759,2003
1760,1983
1761,1640
1762,1925
1763,3194
1764,2340
1765,2954
1766,2206
1767,2950
1768,2944
1769,2077
1770,2930
1771,1427
1772,1326
1773,926
1774,406
1775,2565
1776,2556
1777,850
1778,537
1779,1093
1780,298
1781,1610
1782,1083
1783,1917
1784,607
1785,2445
1786,1914
1787,1212
1788,1910
1789,1300
1790,1735
1791,544
1792,1305
1793,1746
1794,1304
1795,2125
1796,344
1797,934
1798,5140
1799,1490
1800,1489
1801,2143
1802,1732
1803,2797
1804,212
1805,2738
1806,660
1807,580
1808,516
1809,7410
1810,243
1811,294
1812,860
1813,1170
1814,220
1815,1306
1816,690
1817,872
1818,868
1819,1564
1820,1800
1821,1130
1822,729
1823,1703
1824,1164
1825,2228
1826,2200
1827,7372
1828,2091
1829,1271
1830,2693
1831,2086
1832,866
1833,1526
1834,3053
1835,2247
1836,954
1837,2961
1838,2199
1839,2803
1840,2690
1841,2118
1842,2758
1843,2097
1844,630
1845,1477
1846,2106
1847,2710
1848,708
1849,1368
1850,141
1851,1370
1852,3373
1853,1199
1854,3364
1855,1882
1856,7391
1857,894
1858,1581
1859,666
1860,332
1861,551
1862,2388
1863,3185
1864,1042
1865,730
1866,1301
1867,892
1868,1771
1869,1269
1870,7547
1871,916
1872,738
1873,1297
1874,700
1875,2759
1876,1986
1877,28
1878,579
1879,1004
1880,669
1881,2520
1882,2486
1883,235
1884,1113
1885,342
1886,210
1887,2317
1888,2239
1889,802
1890,685
1891,851
1892,1132
1893,2651
1894,2310
1895,2255
1896,940
1897,1744
1898,2171
1899,2745
1900,1258
1901,2159
1902,2817
1903,1138
1904,1638
1905,933
1906,2773
1907,1278
1908,2638
1909,2079
1910,539
1911,7579
1912,7555
1913,129
1914,844
1915,1131
1916,389
1917,293
1918,770
1919,843
1920,713
1921,847
1922,1400
1923,1401
1924,1613
1925,1082
1926,167
1927,845
1928,908
1929,1911
1930,1226
1931,440
1932,2443
1933,2447
1934,1402
1935,1080
1936,2441
1937,1601
1938,2438
1939,1919
1940,308
1941,494
1942,3147
1943,143
1944,643
1945,485
1946,7548
1947,1165
1948,1787
1949,663
1950,1792
1951,3082
1952,3071
1953,813
1954,3043
1955,7553
1956,1155
1957,693
1958,2980
1959,1764
1960,2196
1961,1032
1962,1294
1963,3304
1964,1876
1965,2372
1966,2650
1967,760
1968,1568
1969,1035
1970,1501
1971,505
1972,1711
1973,132
1974,1021
1975,816
1976,2418
1977,195
1978,1455
1979,1674
1980,1255
1981,670
1982,275
1983,2028
1984,2022
1985,2064
1986,931
1987,857
1988,2602
1989,2604
1990,1449
1991,2029
1992,675
1993,2585
1994,514
1995,7394
1996,726
1997,1007
1998,7561
1999,2385
2000,1188
2001,496
2002,3264
2003,7426
2004,960
2005,1149
2006,2256
2007,689
2008,3191
2009,3164
2010,1552
2011,1540
2012,3100
2013,3080
2014,1513
2015,2970
2016,2972
2017,1517
2018,7421
2019,1103
2020,285
2021,5533
2022,7517
2023,7536
2024,1569
2025,2977
2026,566
2027,1506
2028,2365
2029,3312
2030,307
2031,2244
2032,1774
2033,7411
2034,2132
2035,629
2036,1280
2037,540
2038,2968
2039,3322
2040,1191
2041,1833
2042,1349
2043,7428
2044,1166
2045,553
2046,2932
2047,1766
2048,2878
2049,1314
2050,635
2051,1144
2052,2150
2053,2809
2054,1476
2055,2105
2056,2007
2057,2596
2058,2369
2059,2414
2060,1863
2061,3362
2062,490
2063,1381
2064,1352
2065,2350
2066,3441
2067,7384
2068,2379
2069,3368
2070,2377
2071,3187
2072,2374
2073,1067
2074,1173
2075,1019
2076,297
2077,657
2078,601
2079,610
2080,1926
2081,990
2082,1076
2083,1399
2084,7371
2085,7448
2086,947
2087,742
2088,618
2089,7392
2090,2313
2091,1047
2092,2232
2093,2162
2094,2399
2095,3310
2096,3108
2097,3044
2098,1728
2099,2967
2100,2577
2101,2914
2102,2906
2103,2853
2104,1141
2105,793
2106,2841
2107,2840
2108,2807
2109,7454
2110,7456
2111,785
2112,784
2113,240
2114,515
2115,2070
2116,924
2117,2016
2118,2873
2119,2111
2120,1276
2121,1125
2122,2630
2123,1001
2124,7533
2125,792
2126,1224
2127,1214
2128,2891
2129,2314
2130,3033
2131,2919
2132,2140
2133,1243
2134,2126
2135,1279
2136,1718
2137,1717
2138,2531
2139,606
2140,717
2141,1077
2142,1600
2143,989
2144,932
2145,2155
2146,2241
2147,7526
2148,863
2149,715
2150,992
2151,1618
2152,1899
2153,246
2154,2078
2155,1795
2156,1779
2157,1783
2158,1778
2159,2936
2160,1328
2161,5392
2162,7378
2163,7598
2164,7599
2165,7584
2166,1429
2167,445
2168,1729
2169,803
2170,476
2171,340
2172,404
2173,865
2174,920
2175,2541
2176,1106
2177,2502
2178,1623
2179,1943
2180,1947
2181,533
2182,1933
2183,1404
2184,1928
2185,7395
2186,7520
2187,7571
2188,7576
2189,1827
2190,1801
2191,2303
2192,1805
2193,3308
2194,3303
2195,3174
2196,3178
2197,2718
2198,3102
2199,2258
2200,3065
2201,1530
2202,3063
2203,2272
2204,3032
2205,1803
2206,3015
2207,2116
2208,2114
2209,1094
2210,1235
2211,2741
2212,1920
2213,2734
2214,1473
2215,2677
2216,475
2217,568
2218,169
2219,1420
2220,7402
2221,7511
2222,1874
2223,7436
2224,830
2225,3289
2226,1756
2227,912
2228,721
2229,1948
2230,2883
2231,2880
2232,875
2233,2182
2234,1751
2235,1667
2236,778
2237,576
2238,1975
2239,1241
2240,1974
2241,1417
2242,1236
2243,1932
2244,1020
2245,2133
2246,1809
2247,7389
2248,2887
2249,2879
2250,1140
2251,2151
2252,2802
2253,2798
2254,2195
2255,2902
2256,2893
2257,2896
2258,2886
2259,634
2260,3417
2261,1959
2262,7545
2263,7463
2264,7443
2265,368
2266,2557
2267,328
2268,283
2269,1319
2270,688
2271,1763
2272,232
2273,385
2274,349
2275,2220
2276,2237
2277,1946
2278,2943
2279,390
2280,2872
2281,2854
2282,1454
2283,1567
2284,421
2285,2337
2286,1539
2287,3166
2288,3107
2289,1135
2290,1480
2291,1719
2292,2160
2293,1733
2294,1689
2295,2137
2296,2120
2297,2107
2298,252
2299,1963
2300,2656
2301,2766
2302,2098
2303,2576
2304,2508
2305,357
2306,2637
2307,2552
2308,2595
2309,1657
2310,704
2311,1383
2312,1582
2313,2403
2314,1190
2315,3411
2316,3392
2317,2419
2318,1893
2319,3352
2320,3361
2321,3348
2322,3344
2323,3226
2324,1544
2325,3218
2326,7349
2327,7422
2328,7531
2329,3270
2330,2362
2331,2364
2332,740
2333,1773
2334,673
2335,1504
2336,2184
2337,972
2338,2366
2339,2398
2340,3196
2341,1851
2342,705
2343,3186
2344,3161
2345,3150
2346,3126
2347,3123
2348,3130
2349,3081
2350,3104
2351,3098
2352,3093
2353,3085
2354,1814
2355,3077
2356,1781
2357,899
2358,2483
2359,1095
2360,2453
2361,3406
2362,2429
2363,2430
2364,3409
2365,2416
2366,520
2367,1554
2368,1200
2369,7365
2370,1939
2371,2018
2372,2682
2373,2071
2374,1460
2375,1662
2376,2544
2377,1984
2378,7572
2379,7570
2380,1242
2381,2851
2382,2856
2383,2594
2384,1646
2385,746
2386,615
2387,422
2388,453
2389,2800
2390,814
2391,1364
2392,1866
2393,2262
2394,3121
2395,3099
2396,2297
2397,3029
2398,1804
2399,1105
2400,3024
2401,1780
2402,800
2403,1758
2404,2874
2405,1752
2406,2183
2407,2863
2408,2861
2409,2850
2410,2847
2411,2169
2412,2153
2413,1485
2414,2121
2415,2175
2416,968
2417,745
2418,1791
2419,486
2420,2234
2421,2969
2422,2223
2423,324
2424,3347
2425,1838
2426,2761
2427,2762
2428,447
2429,2449
2430,463
2431,3346
2432,3342
2433,7464
2434,1017
2435,1263
2436,1259
2437,1448
2438,1648
2439,1620
2440,1605
2441,1100
2442,775
2443,303
2444,2685
2445,1684
2446,2696
2447,1011
2448,339
2449,2626
2450,2046
2451,619
2452,678
2453,480
2454,2037
2455,911
2456,1941
2457,938
2458,2667
2459,403
2460,1440
2461,1118
2462,1133
2463,1428
2464,2051
2465,511
2466,1511
2467,1022
2468,2739
2469,2083
2470,1705
2471,1704
2472,2688
2473,2683
2474,2654
2475,2678
2476,2672
2477,2675
2478,1700
2479,2670
2480,2749
2481,1660
2482,2723
2483,2104
2484,2068
2485,2099
2486,405
2487,2706
2488,2708
2489,2530
2490,2101
2491,1273
2492,1468
2493,2087
2494,2092
2495,2694
2496,1120
2497,624
2498,598
2499,555
2500,2991
2501,184
2502,2925
2503,3331
2504,3250
2505,3244
2506,2357
2507,3416
2508,3360
2509,3343
2510,2960
2511,450
2512,909
2513,1423
2514,1616
2515,1628
2516,2481
2517,1619
2518,3415
2519,399
2520,2373
2521,2951
2522,3440
2523,3444
2524,1204
2525,3395
2526,3393
2527,1593
2528,7386
2529,3383
2530,2080
2531,1045
2532,3318
2533,1884
2534,3306
2535,1880
2536,7473
2537,461
2538,1201
2539,3235
2540,1405
2541,7404
2542,7419
2543,2269
2544,2096
2545,1690
2546,2628
2547,2625
2548,2623
2549,1453
2550,254
2551,2043
2552,7439
2553,2038
2554,441
2555,1084
2556,1665
2557,7424
2558,7546
2559,1053
2560,648
2561,1425
2562,3208
2563,1821
2564,1323
2565,2985
2566,3412
2567,3284
2568,3171
2569,7342
2570,7515
2571,7469
2572,7468
2573,1829
2574,2410
2575,3403
2576,464
2577,1889
2578,2953
2579,3302
2580,3246
2581,2358
2582,3179
2583,2304
2584,7497
2585,7339
2586,7581
2587,3425
2588,3404
2589,3387
2590,3379
2591,2412
2592,2411
2593,499
2594,273
2595,1706
2596,925
2597,1488
2598,919
2599,7451
2600,1272
2601,1597
2602,2624
2603,2019
2604,1658
2605,1993
2606,444
2607,2455
2608,2473
2609,827
2610,1694
2611,2720
2612,2490
2613,1005
2614,1434
2615,1244
2616,1247
2617,1013
2618,1990
2619,856
2620,7329
2621,2229
2622,1879
2623,3445
2624,1397
2625,1388
2626,378
2627,3353
2628,1915
2629,2041
2630,1058
2631,1777
2632,1743
2633,1099
2634,2663
2635,2842
2636,1683
2637,2005
2638,2610
2639,1951
2640,7524
2641,1431
2642,722
2643,668
2644,922
2645,999
2646,1930
2647,959
2648,2309
2649,2274
2650,7539
2651,3031
2652,502
2653,1607
2654,1594
2655,3398
2656,3429
2657,3426
2658,3423
2659,2413
2660,3374
2661,7370
2662,3251
2663,3220
2664,3213
2665,2376
2666,2387
2667,3285
2668,3137
2669,957
2670,410
2671,2933
2672,2931
2673,2911
2674,2908
2675,2702
2676,2193
2677,2805
2678,765
2679,1592
2680,603
2681,662
2682,2521
2683,322
2684,1071
2685,633
2686,2170
2687,2165
2688,2684
2689,2208
2690,2864
2691,2862
2692,2855
2693,2838
2694,2066
2695,343
2696,325
2697,1738
2698,2774
2699,1811
2700,1671
2701,7556
2702,1169
2703,2299
2704,1820
2705,3408
2706,3396
2707,2394
2708,7367
2709,7502
2710,2225
2711,3381
2712,3371
2713,2673
2714,1591
2715,895
2716,3321
2717,3294
2718,3282
2719,1097
2720,1092
2721,1231
2722,1223
2723,1228
2724,1227
2725,998
2726,1217
2727,1215
2728,1211
2729,1213
2730,1216
2731,1079
2732,1081
2733,1422
2734,1418
2735,1416
2736,1414
2737,1408
2738,1412
2739,1411
2740,1410
2741,997
2742,991
2743,1403
2744,1406
2745,1220
2746,1219
2747,1096
2748,1089
2749,1609
2750,1608
2751,1614
2752,3182
2753,1439
2754,849
2755,1437
2756,2575
2757,2572
2758,1659
2759,2551
2760,2549
2761,791
2762,3212
2763,2653
2764,2631
2765,2701
2766,2216
2767,1850
2768,2993
2769,3267
2770,2895
2771,2242
2772,2406
2773,2245
2774,2717
2775,2094
2776,2527
2777,2526
2778,477
2779,1641
2780,2522
2781,2518
2782,2509
2783,2514
2784,2515
2785,2510
2786,2507
2787,1644
2788,2318
2789,671
2790,2584
2791,2568
2792,7498
2793,2325
2794,3389
2795,7481
2796,2236
2797,1039
2798,1770
2799,1026
2800,1357
2801,3094
2802,2905
2803,144
2804,1193
2805,495
2806,1377
2807,1561
2808,1888
2809,1189
2810,3262
2811,2348
2812,3152
2813,2251
2814,1761
2815,737
2816,2469
2817,2456
2818,7440
2819,1852
2820,541
2821,763
2822,2226
2823,2197
2824,2219
2825,2939
2826,2934
2827,1507
2828,2894
2829,963
2830,3115
2831,1995
2832,1913
2833,2294
2834,1969
2835,2451
2836,581
2837,1463
2838,1685
2839,2822
2840,2545
2841,2564
2842,1999
2843,1647
2844,213
2845,261
2846,808
2847,218
2848,3338
2849,839
2850,2393
2851,3277
2852,2971
2853,7340
2854,858
2855,2248
2856,864
2857,1692
2858,2639
2859,2609
2860,2574
2861,425
2862,3169
2863,2714
2864,1277
2865,2156
2866,2824
2867,2815
2868,3386
2869,1234
2870,1845
2871,2213
2872,1765
2873,2990
2874,3025
2875,837
2876,835
2877,761
2878,995
2879,2246
2880,2240
2881,1514
2882,1786
2883,2995
2884,1154
2885,2965
2886,2659
2887,1655
2888,1964
2889,996
2890,1245
2891,1682
2892,1668
2893,1527
2894,1961
2895,2264
2896,2224
2897,3248
2898,2392
2899,1841
2900,363
2901,3337
2902,1160
2903,7343
2904,1965
2905,1299
2906,2634
2907,2231
2908,2191
2909,2857
2910,1515
2911,1806
2912,3125
2913,3117
2914,2286
2915,1753
2916,595
2917,2254
2918,3022
2919,3016
2920,3003
2921,2988
2922,2946
2923,2963
2924,2958
2925,2935
2926,2679
2927,1696
2928,2924
2929,7530
2930,1557
2931,2323
2932,3333
2933,1354
2934,1604
2935,582
2936,3017
2937,7383
2938,7527
2939,180
2940,1073
2941,1207
2942,1966
2943,2618
2944,2012
2945,2611
2946,2000
2947,2566
2948,1447
2949,674
2950,1982
2951,574
2952,1014
2953,2550
2954,3239
2955,3034
2956,364
2957,573
2958,7460
2959,1330
2960,903
2961,889
2962,1391
2963,2424
2964,3384
2965,2415
2966,7332
2967,712
2968,2978
2969,2983
2970,1955
2971,2606
2972,3114
2973,2187
2974,1587
2975,2450
2976,1968
2977,1651
2978,584
2979,2636
2980,620
2981,2598
2982,1433
2983,2004
2984,2976
2985,823
2986,1855
2987,2657
2988,1559
2989,3175
2990,1062
2991,2466
2992,2732
2993,631
2994,1143
2995,1722
2996,1617
2997,1268
2998,1712
2999,667
3000,756
3001,2074
3002,2561
3003,1994
3004,1973
3005,2525
3006,1892
3007,1443
3008,1257
3009,1789
3010,2686
3011,556
3012,887
3013,1344
3014,3109
3015,1890
3016,3380
3017,1997
3018,1653
3019,1996
3020,2570
3021,2472
3022,2471
3023,2462
3024,2464
3025,1334
3026,2503
3027,1101
3028,7413
3029,1432
3030,1252
3031,1654
3032,1989
3033,2553
3034,7373
3035,7519
3036,1695
3037,1727
3038,2532
3039,913
3040,714
3041,3261
3042,1624
3043,239
3044,1464
3045,1645
3046,2076
3047,1110
3048,1958
3049,1972
3050,2642
3051,2562
3052,2535
3053,448
3054,571
3055,2524
3056,2400
3057,1181
3058,2329
3059,2380
3060,418
3061,1858
3062,1575
3063,1864
3064,3230
3065,3280
3066,3273
3067,3420
3068,1588
3069,2523
3070,1713
3071,2482
3072,1229
3073,1676
3074,2733
3075,723
3076,2736
3077,2729
3078,1122
3079,2009
3080,2069
3081,677
3082,2620
3083,1740
3084,7375
3085,1739
3086,1970
3087,2792
3088,2790
3089,2916
3090,1498
3091,1802
3092,1369
3093,2959
3094,2580
3095,2010
3096,805
3097,2194
3098,7455
3099,426
3100,2647
3101,2476
3102,282
3103,575
3104,1612
3105,1669
3106,1931
3107,2928
3108,1119
3109,2669
3110,1688
3111,1262
3112,679
3113,1121
3114,1142
3115,1206
3116,1203
3117,1595
3118,1598
3119,2435
3120,3450
3121,724
3122,387
3123,786
3124,1266
3125,2052
3126,2025
3127,2589
3128,2768
3129,481
3130,806
3131,3001
3132,2984
3133,2347
3134,3350
3135,7467
3136,2827
3137,2829
3138,1938
3139,1221
3140,7437
3141,1123
3142,1935
3143,2047
3144,2033
3145,3106
3146,3223
3147,1446
3148,2680
3149,612
3150,2045
3151,2799
3152,2785
3153,3190
3154,3334
3155,3274
3156,3172
3157,1426
3158,1444
3159,929
3160,2664
3161,1303
3162,1296
3163,2834
3164,2833
3165,2013
3166,1015
3167,2581
3168,2035
3169,616
3170,2023
3171,1934
3172,1102
3173,1953
3174,1940
3175,2583
3176,388
3177,828
3178,414
3179,1002
3180,1240
3181,2661
3182,2601
3183,2054
3184,7529
3185,3325
3186,3086
3187,3040
3188,7337
3189,1016
3190,1626
3191,2484
3192,921
3193,608
3194,1945
3195,1944
3196,1937
3197,2463
3198,1625
3199,2461
3200,1680
3201,2044
3202,3205
3203,855
3204,1991
3205,1012
3206,788
3207,2816
3208,1707
3209,2407
3210,3007
3211,1321
3212,1924
3213,1916
3214,2512
3215,782
3216,2015
3217,1438
3218,359
3219,2062
3220,2061
3221,2060
3222,2059
3223,2058
3224,2057
3225,2056
3226,2055
3227,2617
3228,2616
3229,2189
3230,3012
3231,2852
3232,465
3233,559
3234,2668
3235,2034
3236,2042
3237,3257
3238,3146
3239,3069
3240,7338
3241,560
3242,3424
3243,3399
3244,2409
3245,3128
3246,3413
3247,676
3248,2547
3249,1114
3250,2008
3251,2998
3252,2123
3253,1161
3254,2890
3255,2949
3256,2212
3257,2929
3258,7333
3259,1196
3260,3359
3261,2974
3262,1666
3263,1115
3264,2699
3265,2648
3266,2506
3267,1956
3268,2036
3269,2622
3270,797
3271,2164
3272,2130
3273,2835
3274,2832
3275,2938
3276,2956
3277,1857
3278,415
3279,829
3280,3324
3281,901
3282,1927
3283,1419
3284,2555
3285,7374
3286,831
3287,861
3288,1549
3289,3201
3290,3301
3291,2370
3292,7541
3293,2421
3294,1825
3295,2014
3296,1979
3297,1238
3298,1237
3299,2501
3300,1637
3301,2500
3302,1630
3303,2491
3304,2496
3305,927
3306,2048
3307,1971
3308,1265
3309,923
3310,1962
3311,950
3312,2979
3313,1366
3314,3326
3315,1878
3316,985
3317,1898
3318,652
3319,2538
3320,2537
3321,2546
3322,1652
3323,2480
3324,1912
3325,2937
3326,2901
3327,1980
3328,1627
3329,2082
3330,2567
3331,2569
3332,867
3333,577
3334,2603
3335,1675
3336,2560
3337,1699
3338,628
3339,2994
3340,7331
3341,1565
3342,2233
3343,1622
3344,3340
3345,3320
3346,1907
3347,794
3348,2593
3349,1985
3350,1000
3351,2345
3352,2548
3353,1679
3354,2539
3355,1978
3356,2030
3357,2658
3358,1291
3359,2899
3360,2973
3361,1341
3362,644
3363,819
3364,3216
3365,2316
3366,2529
3367,1798
3368,1633
3369,2665
3370,776
3371,2859
3372,2474
3373,2460
3374,2643
3375,2614
3376,852
3377,1639
3378,2591
3379,1260
3380,2026
3381,2755
3382,2910
3383,3252
3384,3249
3385,3243
3386,3153
3387,1543
3388,3090
3389,2590
3390,1466
3391,1281
3392,1474
3393,2040
3394,2039
3395,1435
3396,2027
3397,2681
3398,2705
3399,2753
3400,3357
3401,2154
3402,7441
3403,880
3404,1848
3405,3219
3406,3258
3407,834
3408,611
3409,2517
3410,2505
3411,2554
3412,1441
3413,1008
3414,2843
3415,2640
3416,2645
3417,2646
3418,1469
3419,789
3420,2088
3421,1710
3422,3151
3423,1747
3424,2207
3425,2882
3426,2913
3427,2831
3428,2341
3429,3110
3430,3207
3431,2343
3432,3165
3433,3160
3434,1844
3435,2425
3436,3170
3437,2423
3438,1918
3439,2452
3440,2571
3441,820
3442,2533
3443,2704
3444,2100
3445,2649
3446,2534
3447,3058
3448,1677
3449,2592
3450,930
3451,1686
3452,2612
3453,2050
3454,2112
3455,2776
3456,2719
3457,2722
3458,2721
3459,2715
3460,1701
3461,948
3462,2265
3463,3204
3464,833
3465,1687
3466,2495
3467,2478
3468,1661
3469,2579
3470,790
3471,2615
3472,1656
3473,4311
3474,731
3475,2765
3476,2860
3477,2877
3478,3005
3479,2912
3480,3067
3481,1823
3482,1183
3483,978
3484,1897
3485,3358
3486,3288
3487,3276
3488,2475
3489,2494
3490,7449
3491,1253
3492,2011
3493,928
3494,1451
3495,2072
3496,2599
3497,7414
3498,7396
3499,7409
3500,2728
3501,2641
3502,2724
3503,7453
3504,2836
3505,795
3506,1312
3507,1503
3508,2186
3509,2917
3510,1769
3511,2884
3512,2875
3513,2871
3514,2867
3515,1486
3516,2849
3517,1741
3518,2174
3519,2230
3520,811
3521,3238
3522,2339
3523,3376
3524,3240
3525,3323
3526,3188
3527,3268
3528,2420
3529,836
3530,838
3531,3021
3532,2711
3533,1960
3534,2543
3535,2703
3536,1124
3537,2629
3538,1467
3539,1585
3540,873
3541,7476
3542,3237
3543,3419
3544,3446
3545,907
3546,3097
3547,2542
3548,2573
3549,2021
3550,1126
3551,2075
3552,936
3553,1275
3554,2726
3555,2948
3556,1479
3557,2161
3558,1799
3559,2218
3560,3162
3561,3055
3562,2214
3563,1563
3564,2359
3565,1954
3566,3291
3567,2457
3568,2458
3569,1006
3570,3405
3571,2115
3572,2110
3573,2730
3574,2600
3575,2158
3576,1037
3577,7416
3578,7458
3579,2982
3580,3157
3581,3263
3582,2489
3583,2689
3584,2470
3585,2081
3586,2513
3587,2516
3588,1112
3589,2020
3590,2095
3591,2063
3592,2202
3593,3184
3594,3008
3595,3168
3596,3199
3597,3255
3598,3311
3599,1869
3600,2444
3601,2608
3602,2477
3603,1643
3604,2504
3605,2691
3606,2588
3607,2563
3608,1246
3609,1250
3610,2587
3611,2032
3612,2712
3613,2085
3614,2674
3615,1745
3616,3225
3617,2888
3618,1329
3619,1345
3620,2349
3621,2390
3622,7346
3623,1384
3624,7385
3625,1902
3626,7273
3627,1389
3628,3388
3629,2635
3630,2597
3631,2528
3632,2644
3633,1452
3634,2073
3635,1462
3636,2084
3637,2676
3638,2757
3639,2131
3640,1631
3641,3278
3642,3266
3643,1572
3644,2487
3645,2540
3646,2067
3647,1629
3648,1950
3649,1949
3650,2964
3651,1650
3652,2627
3653,2089
3654,1663
3655,1670
3656,1672
3657,1681
3658,2662
3659,2621
3660,2655
3661,1698
3662,2666
3663,2671
3664,2692
3665,2716
3666,2735
3667,1723
3668,2769
3669,2897
3670,2940
3671,2203
3672,3030
3673,3140
3674,3209
3675,3242
3676,3265
3677,3195
3678,3272
3679,3315
3680,1870
3681,3271
3682,3214
3683,3397
3684,3401
3685,3390
3686,2751
3687,1976
3688,1987
3689,2578
3690,2697
3691,2613
3692,2049
3693,2660
3694,7450
3695,3363
3696,7452
3697,2737
3698,7344
3699,2885
3700,2205
3701,2221
3702,2222
3703,7462
3704,3035
3705,2259
3706,3287
3707,2319
3708,2322
3709,2327
3710,3449
3711,3377
3712,3436
3713,3435
3714,3432
3715,3391
3716,7364
3717,2382
3718,3299
3719,3327
3720,3183
3721,2440
3722,2493
3723,2536
3724,2607
3725,2652
3726,2748
3727,2788
3728,2789
3729,2794
3730,2811
3731,2900
3732,2975
3733,3074
3734,3079
3735,3095
3736,3136
3737,3138
3738,3217
3739,3197
3740,3227
3741,3228
3742,3296
3743,3314
3744,3394
3745,7405
3746,7407
3747,7418
3748,7430
3749,7465
3750,7363
3751,7376
3752,7461
3753,7466
